{
"children": [
	{
		"class": "Table",
		"cells": [
			{
				"child": {
					"class": "Label",
					"name": null,
					"style": {
						"clazz": "com.badlogic.gdx.scenes.scene2d.ui.Label",
						"name": "default"
					},
					"text": "Blokus Duo",
					"textAlignment": 8,
					"ellipsis": false,
					"ellipsisString": "...",
					"wrap": false,
					"color": null,
					"touchable": "enabled",
					"visible": true
				},
				"row": 0,
				"column": 0,
				"padLeft": 0,
				"padRight": 0,
				"padTop": 0,
				"padBottom": 0,
				"spaceLeft": 0,
				"spaceRight": 0,
				"spaceTop": 0,
				"spaceBottom": 0,
				"expandX": false,
				"expandY": false,
				"fillX": false,
				"fillY": false,
				"growX": false,
				"growY": false,
				"alignment": 1,
				"minWidth": -1,
				"minHeight": -1,
				"maxWidth": -1,
				"maxHeight": -1,
				"preferredWidth": -1,
				"preferredHeight": -1,
				"uniformX": false,
				"uniformY": false,
				"colSpan": 1
			},
			{
				"child": {
					"class": "VerticalGroup",
					"name": null,
					"alignment": 1,
					"expand": false,
					"fill": false,
					"padLeft": 10,
					"padRight": 10,
					"padTop": 10,
					"padBottom": 10,
					"reverse": false,
					"columnAlignment": 1,
					"space": 10,
					"wrap": false,
					"wrapSpace": 0,
					"children": [
						{
							"class": "HorizontalGroup",
							"name": null,
							"alignment": 8,
							"expand": false,
							"fill": false,
							"padLeft": 10,
							"padRight": 11,
							"padTop": 0,
							"padBottom": 0,
							"reverse": false,
							"rowAlignment": 1,
							"space": 10,
							"wrap": false,
							"wrapSpace": 0,
							"children": [
								{
									"class": "Label",
									"name": null,
									"style": {
										"clazz": "com.badlogic.gdx.scenes.scene2d.ui.Label",
										"name": "default"
									},
									"text": "Enter the name of Player 1",
									"textAlignment": 8,
									"ellipsis": false,
									"ellipsisString": "...",
									"wrap": false,
									"color": null,
									"touchable": "disabled",
									"visible": true
								},
								{
									"class": "Image",
									"name": null,
									"drawable": "game_square_black",
									"scaling": "stretch",
									"touchable": "disabled",
									"visible": true
								},
								{
									"class": "TextField",
									"name": "player1Name",
									"style": {
										"clazz": "com.badlogic.gdx.scenes.scene2d.ui.TextField",
										"name": "default"
									},
									"text": null,
									"passwordCharacter": "•",
									"passwordMode": false,
									"alignment": 8,
									"disabled": false,
									"cursorPosition": 0,
									"selectionStart": 0,
									"selectionEnd": 0,
									"selectAll": false,
									"focusTraversal": true,
									"maxLength": 0,
									"messageText": "John",
									"touchable": "enabled",
									"visible": true
								}
							],
							"touchable": "disabled",
							"visible": true
						},
						{
							"class": "HorizontalGroup",
							"name": null,
							"alignment": 8,
							"expand": false,
							"fill": false,
							"padLeft": 10,
							"padRight": 10,
							"padTop": 0,
							"padBottom": 0,
							"reverse": false,game_square_beige_plain
							"rowAlignment": 1,
							"space": 10,
							"wrap": false,
							"wrapSpace": 0,
							"children": [
								{
									"class": "Label",
									"name": null,
									"style": {
										"clazz": "com.badlogic.gdx.scenes.scene2d.ui.Label",
										"name": "default"
									},
									"text": "Enter the name of Player 2",
									"textAlignment": 8,
									"ellipsis": false,
									"ellipsisString": "...",
									"wrap": false,
									"color": null,
									"touchable": "enabled",
									"visible": true
								},
								{
									"class": "Image",
									"name": null,
									"drawable": "game_square_white",
									"scaling": "stretch",
									"touchable": "disabled",
									"visible": true
								},
								{
									"class": "TextField",
									"name": "player2Name",
									"style": {
										"clazz": "com.badlogic.gdx.scenes.scene2d.ui.TextField",
										"name": "default"
									},
									"text": null,
									"passwordCharacter": "•",
									"passwordMode": false,
									"alignment": 8,
									"disabled": false,
									"cursorPosition": 0,
									"selectionStart": 0,
									"selectionEnd": 0,
									"selectAll": false,
									"focusTraversal": true,
									"maxLength": 0,
									"messageText": "Mary",
									"touchable": "enabled",
									"visible": true
								}
							],
							"touchable": "disabled",
							"visible": true
						}
					],
					"touchable": "enabled",
					"visible": true
				},
				"row": 1,
				"column": 0,
				"padLeft": 0,
				"padRight": 0,
				"padTop": 0,
				"padBottom": 0,
				"spaceLeft": 0,
				"spaceRight": 0,
				"spaceTop": 0,
				"spaceBottom": 0,
				"expandX": false,
				"expandY": false,
				"fillX": false,
				"fillY": false,
				"growX": false,
				"growY": false,
				"alignment": 1,
				"minWidth": -1,
				"minHeight": -1,
				"maxWidth": -1,
				"maxHeight": -1,
				"preferredWidth": -1,
				"preferredHeight": -1,
				"uniformX": false,
				"uniformY": false,
				"colSpan": 1
			},
			{
				"child": {
					"class": "TextButton",
					"name": "StartButton",
					"text": "Start Game",
					"style": {
						"clazz": "com.badlogic.gdx.scenes.scene2d.ui.TextButton",
						"name": "default"
					},
					"checked": false,
					"disabled": false,
					"color": null,
					"padLeft": 0,
					"padRight": 0,
					"padTop": 0,
					"padBottom": 0,
					"touchable": "enabled",
					"visible": true
				},
				"row": 2,
				"column": 0,
				"padLeft": 0,
				"padRight": 0,
				"padTop": 0,
				"padBottom": 0,
				"spaceLeft": 0,
				"spaceRight": 0,
				"spaceTop": 0,
				"spaceBottom": 0,
				"expandX": false,
				"expandY": false,
				"fillX": false,
				"fillY": false,
				"growX": false,
				"growY": false,
				"alignment": 1,
				"minWidth": -1,
				"minHeight": -1,
				"maxWidth": -1,
				"maxHeight": -1,
				"preferredWidth": -1,
				"preferredHeight": -1,
				"uniformX": false,
				"uniformY": false,
				"colSpan": 1
			}
		],
		"name": null,
		"background": null,
		"color": null,
		"padLeft": 0,
		"padRight": 0,
		"padTop": 0,
		"padBottom": 0,
		"paddingEnabled": false,
		"alignment": 1,
		"fillParent": true,
		"touchable": "childrenOnly",
		"visible": true
	}
],
"backgroundColor": "white",
"skinPath": "skin.json",
"packageString": "com.ucd.",
"classString": "StartMenu"
}
